country,year,pers,rank_pers
Ivory Coast,2015,57.51298141479492,77
Georgia,2015,57.26377868652344,79
Chad,2015,35.180301666259766,137
Togo,2015,58.56166458129883,75
Zimbabwe,2015,43.371849060058594,118
Ivory Coast,2016,57.51298141479492,79
Georgia,2016,57.26377868652344,81
Chad,2016,35.180301666259766,137
Togo,2016,58.56166458129883,76
Zimbabwe,2016,43.371849060058594,118
