country,year,safe,rank_safe
Ivory Coast,2015,58.91032028198242,116
Georgia,2015,64.2971420288086,81
Chad,2015,56.02432632446289,126
Togo,2015,60.28398132324219,107
Zimbabwe,2015,60.58425521850586,104
Ivory Coast,2016,58.78413009643555,117
Georgia,2016,64.53739166259766,80
Chad,2016,56.02432632446289,126
Togo,2016,60.28398132324219,106
Zimbabwe,2016,60.58425521850586,103
